<application>
  <component name="AndroidLogcatFilterHistory">
    <option name="mostRecentlyUsed" value="com.digital.banner" />
    <option name="nonFavorites">
      <list>
        <option value="com.digital.banner" />
        <option value="package:mine " />
        <option value="package:mine flutter" />
        <option value="level:ERROR  MESSAGE" />
        <option value="DIGI_NOTI" />
        <option value="package:mine DIGI_NOTI" />
        <option value="package:mine FCM NOTIFICATION IS " />
        <option value="package:mine FCM TOKEN IS" />
        <option value="package:mine FCM NOTIFICATION IS" />
        <option value="level:error izip_link" />
        <option value="level:error " />
        <option value="level:ERROR NOTIFICATION" />
        <option value="level:ERROR NOTIFICATION DATA" />
        <option value="level:ERROR id " />
        <option value="FILES" />
        <option value="NOTIFICATION" />
        <option value="Token" />
        <option value="level:ERROR " />
        <option value="level:ERROR  NOTIFICATION" />
        <option value="package:mine level:error NOTIFICATION" />
      </list>
    </option>
  </component>
</application>