<application>
  <component name="FileTypeManager" version="19">
    <extensionMap>
      <mapping ext="mk" type="CMakeLists.txt" />
      <mapping ext="gradle.kts" type="Kotlin" />
      <mapping ext="main.kts" type="Kotlin" />
      <mapping ext="klib" type="PLAIN_TEXT" />
      <mapping ext="arb" type="PLAIN_TEXT" />
      <mapping ext="db" type="PLAIN_TEXT" />
      <removed_mapping ext="apk" approved="true" type="ARCHIVE" />
      <removed_mapping ext="arb" approved="true" type="Application Resource Bundle" />
      <removed_mapping ext="klib" approved="true" type="ARCHIVE" />
      <removed_mapping ext="pro" approved="true" type="DeviceSpecFile" />
      <removed_mapping ext="psd" approved="true" type="Image" />
    </extensionMap>
  </component>
</application>