<application>
  <component name="StudioBotSettings">
    <option name="acceptedTermsVersion" value="3" />
    <option name="contextSharingModeV2" value="AlwaysShare" />
    <option name="onboardedVersion" value="3" />
    <option name="queryHistory">
      <list>
        <historyEntry timestamp="1738752757372">What does the error message &quot;Expecting member declaration&quot; mean?</historyEntry>
        <historyEntry timestamp="1738748160915">Executing tasks: [:app:assembleDebug] in project /Users/zindexsolutions/Work/AndroidWork/AndroidDemo/Templates

&gt; Task :app:preBuild UP-TO-DATE
&gt; Task :app:preDebugBuild UP-TO-DATE
&gt; Task :app:mergeDebugNativeDebugMetadata NO-SOURCE
&gt; Task :app:generateDebugResValues
&gt; Task :app:generateDebugResources
&gt; Task :app:dataBindingMergeDependencyArtifactsDebug
&gt; Task :app:packageDebugResources
&gt; Task :app:dataBindingTriggerDebug
&gt; Task :app:mapDebugSourceSetPaths
&gt; Task :app:createDebugCompatibleScreenManifests
&gt; Task :app:checkDebugAarMetadata
&gt; Task :app:extractDeepLinksDebug
&gt; Task :app:parseDebugLocalResources

&gt; Task :app:mergeDebugResources FAILED
/Users/zindexsolutions/.gradle/caches/transforms-4/51a26c6729e5a0ff41411dc7b4d1c7f2/transformed/material-1.12.0/res/values/values.xml:8881:4: Duplicate value for resource 'attr/actionBarSize' with config 'DEFAULT' and product ''. Resource was previously defined here: com.csiw.templates.app-mergeDebugResources-36:/values/values.xml:9542: .

&gt; Task :app:processDebugMainManifest
&gt; Task :app:processDebugManifest
&gt; Task :app:javaPreCompileDebug
&gt; Task :app:mergeDebugShaders
&gt; Task :app:compileDebugShaders NO-SOURCE
&gt; Task :app:generateDebugAssets UP-TO-DATE
&gt; Task :app:mergeDebugAssets
&gt; Task :app:compressDebugAssets
&gt; Task :app:processDebugManifestForPackage
&gt; Task :app:desugarDebugFileDependencies
&gt; Task :app:mergeDebugJniLibFolders
&gt; Task :app:mergeDebugNativeLibs NO-SOURCE
&gt; Task :app:stripDebugDebugSymbols NO-SOURCE
&gt; Task :app:checkDebugDuplicateClasses FAILED
&gt; Task :app:validateSigningDebug
&gt; Task :app:writeDebugAppMetadata
&gt; Task :app:writeDebugSigningConfigVersions

FAILURE: Build completed with 2 failures.

1: Task failed with an exception.
-----------
* What went wrong:
Execution failed for task ':app:mergeDebugResources'.
&gt; A failure occurred while executing com.android.build.gradle.internal.res.ResourceCompilerRunnable
   &gt; Resource compilation failed (Failed to compile values resource file /Users/zindexsolutions/Work/AndroidWork/AndroidDemo/Templates/app/build/intermediates/incremental/debug/mergeDebugResources/merged.dir/values/values.xml. Cause: java.lang.IllegalStateException: Can not add resource (com.android.aaptcompiler.ParsedResource@1f735dc1) to table.). Check logs for more details.

* Try:
&gt; Run with --info or --debug option to get more log output.
&gt; Run with --scan to get full insights.
&gt; Get more help at https://help.gradle.org.

* Exception is:
org.gradle.api.tasks.TaskExecutionException: Execution failed for task ':app:mergeDebugResources'.
	at org.gradle.api.internal.tasks.execution.ExecuteActionsTaskExecuter.lambda$executeIfValid$1(ExecuteActionsTaskExecuter.java:130)
	at org.gradle.internal.Try$Failure.ifSuccessfulOrElse(Try.java:282)
	at org.gradle.api.internal.tasks.execution.ExecuteActionsTaskExecuter.executeIfValid(ExecuteActionsTaskExecuter.java:128)
	at org.gradle.api.internal.tasks.execution.ExecuteActionsTaskExecuter.execute(ExecuteActionsTaskExecuter.java:116)
	at org.gradle.api.internal.tasks.execution.FinalizePropertiesTaskExecuter.execute(FinalizePropertiesTaskExecuter.java:46)
	at org.gradle.api.internal.tasks.execution.ResolveTaskExecutionModeExecuter.execute(ResolveTaskExecutionModeExecuter.java:51)
	at org.gradle.api.internal.tasks.execution.SkipTaskWithNoActionsExecuter.execute(SkipTaskWithNoActionsExecuter.java:57)
	at org.gradle.api.internal.tasks.execution.SkipOnlyIfTaskExecuter.execute(SkipOnlyIfTaskExecuter.java:74)
	at org.gradle.api.internal.tasks.execution.CatchExceptionTaskExecuter.execute(CatchExceptionTaskExecuter.java:36)
	at org.gradle.api.internal.tasks.execution.EventFiringTaskExecuter$1.executeTask(EventFiringTaskExecuter.java:77)
	at org.gradle.api.internal.tasks.execution.EventFiringTaskExecuter$1.call(EventFiringTaskExecuter.java:55)
	at org.gradle.api.internal.tasks.execution.EventFiringTaskExecuter$1.call(EventFiringTaskExecuter.java:52)
	at org.gradle.internal.operations.DefaultBuildOperationRunner$CallableBuildOperationWorker.execute(DefaultBuildOperationRunner.java:200)
	at org.gradle.internal.operations.DefaultBuildOperationRunner$CallableBuildOperationWorker.execute(DefaultBuildOperationRunner.java:195)
	at org.gradle.internal.operations.DefaultBuildOperationRunner$2.execute(DefaultBuildOperationRunner.java:66)
	at org.gradle.internal.operations.DefaultBuildOperationRunner$2.execute(DefaultBuildOperationRunner.java:59)
	at org.gradle.internal.operations.DefaultBuildOperationRunner.execute(DefaultBuildOperationRunner.java:157)
	at org.gradle.internal.operations.DefaultBuildOperationRunner.execute(DefaultBuildOperationRunner.java:59)
	at org.gradle.internal.operations.DefaultBuildOperationRunner.call(DefaultBuildOperationRunner.java:53)
	at org.gradle.internal.operations.DefaultBuildOperationExecutor.call(DefaultBuildOperationExecutor.java:73)
	at org.gradle.api.internal.tasks.execution.EventFiringTaskExecuter.execute(EventFiringTaskExecuter.java:52)
	at org.gradle.execution.plan.LocalTaskNodeExecutor.execute(LocalTaskNodeExecutor.java:42)
	at org.gradle.execution.taskgraph.DefaultTaskExecutionGraph$InvokeNodeExecutorsAction.execute(DefaultTaskExecutionGraph.java:331)
	at org.gradle.execution.taskgraph.DefaultTaskExecutionGraph$InvokeNodeExecutorsAction.execute(DefaultTaskExecutionGraph.java:318)
	at org.gradle.execution.taskgraph.DefaultTaskExecutionGraph$BuildOperationAwareExecutionAction.lambda$execute$0(DefaultTaskExecutionGraph.java:314)
	at org.gradle.internal.operations.CurrentBuildOperationRef.with(CurrentBuildOperationRef.java:80)
	at org.gradle.execution.taskgraph.DefaultTaskExecutionGraph$BuildOperationAwareExecutionAction.execute(DefaultTaskExecutionGraph.java:314)
	at org.gradle.execution.taskgraph.DefaultTaskExecutionGraph$BuildOperationAwareExecutionAction.execute(DefaultTaskExecutionGraph.java:303)
	at org.gradle.execution.plan.DefaultPlanExecutor$ExecutorWorker.execute(DefaultPlanExecutor.java:463)
	at org.gradle.execution.plan.DefaultPlanExecutor$ExecutorWorker.run(DefaultPlanExecutor.java:380)
	at org.gradle.execution.plan.DefaultPlanExecutor.process(DefaultPlanExecutor.java:116)
	at org.gradle.execution.taskgraph.DefaultTaskExecutionGraph.executeWithServices(DefaultTaskExecutionGraph.java:138)
	at org.gradle.execution.taskgraph.DefaultTaskExecutionGraph.execute(DefaultTaskExecutionGraph.java:123)
	at org.gradle.execution.SelectedTaskExecutionAction.execute(SelectedTaskExecutionAction.java:35)
	at org.gradle.execution.DryRunBuildExecutionAction.execute(DryRunBuildExecutionAction.java:51)
	at org.gradle.execution.BuildOperationFiringBuildWorkerExecutor$ExecuteTasks.call(BuildOperationFiringBuildWorkerExecutor.java:54)
	at org.gradle.execution.BuildOperationFiringBuildWorkerExecutor$ExecuteTasks.call(BuildOperationFiringBuildWorkerExecutor.java:43)
	at org.gradle.internal.operations.DefaultBuildOperationRunner$CallableBuildOperationWorker.execute(DefaultBuildOperationRunner.java:200)
	at org.gradle.internal.operations.DefaultBuildOperationRunner$CallableBuildOperationWorker.execute(DefaultBuildOperationRunner.java:195)
	at org.gradle.internal.operations.DefaultBuildOperationRunner$2.execute(DefaultBuildOperationRunner.java:66)
	at org.gradle.internal.operations.DefaultBuildOperationRunner$2.execute(DefaultBuildOperationRunner.java:59)
	at org.gradle.internal.operations.DefaultBuildOperationRunner.execute(DefaultBuildOperationRunner.java:157)
	at org.gradle.internal.operations.DefaultBuildOperationRunner.execute(DefaultBuildOperationRunner.java:59)
	at org.gradle.internal.operations.DefaultBuildOperationRunner.call(DefaultBuildOperationRunner.java:53)
	at org.gradle.internal.operations.DefaultBuildOperationExecutor.call(DefaultBuildOperationExecutor.java:73)
	at org.gradle.execution.BuildOperationFiringBuildWorkerExecutor.execute(BuildOperationFiringBuildWorkerExecutor.java:40)
	at org.gradle.internal.build.DefaultBuildLifecycleController.lambda$executeTasks$10(DefaultBuildLifecycleController.java:313)
	at org.gradle.internal.model.StateTransitionController.doTransition(StateTransitionController.java:266)
	at org.gradle.internal.model.StateTransitionController.lambda$tryTransition$8(StateTransitionController.java:177)
	at org.gradle.internal.work.DefaultSynchronizer.withLock(DefaultSynchronizer.java:44)
	at org.gradle.internal.model.StateTransitionController.tryTransition(StateTransitionController.java:177)
	at org.gradle.internal.build.DefaultBuildLifecycleController.executeTasks(DefaultBuildLifecycleController.java:304)
	at org.gradle.internal.build.DefaultBuildWorkGraphController$DefaultBuildWorkGraph.runWork(DefaultBuildWorkGraphController.java:220)
	at org.gradle.internal.work.DefaultWorkerLeaseService.withLocks(DefaultWorkerLeaseService.java:264)
	at org.gradle.internal.work.DefaultWorkerLeaseService.runAsWorkerThread(DefaultWorkerLeaseService.java:128)
	at org.gradle.composite.internal.DefaultBuildController.doRun(DefaultBuildController.java:181)
	at org.gradle.composite.internal.DefaultBuildController.access$000(DefaultBuildController.java:50)
	at org.gradle.composite.internal.DefaultBuildController$BuildOpRunnable.lambda$run$0(DefaultBuildController.java:198)
	at org.gradle.internal.operations.CurrentBuildOperationRef.with(CurrentBuildOperationRef.java:80)
	at org.gradle.composite.internal.DefaultBuildController$BuildOpRunnable.run(DefaultBuildController.java:198)
	at org.gradle.internal.concurrent.ExecutorPolicy$CatchAndRecordFailures.onExecute(ExecutorPolicy.java:64)
	at org.gradle.internal.concurrent.AbstractManagedExecutor$1.run(AbstractManagedExecutor.java:47)
Caused by: org.gradle.workers.internal.DefaultWorkerExecutor$WorkExecutionException: A failure occurred while executing com.android.build.gradle.internal.res.ResourceCompilerRunnable
	at org.gradle.workers.internal.DefaultWorkerExecutor$WorkItemExecution.waitForCompletion(DefaultWorkerExecutor.java:287)
	at org.gradle.internal.work.DefaultAsyncWorkTracker.lambda$waitForItemsAndGatherFailures$2(DefaultAsyncWorkTracker.java:130)
	at org.gradle.internal.Factories$1.create(Factories.java:31)
	at org.gradle.internal.work.DefaultWorkerLeaseService.withoutLocks(DefaultWorkerLeaseService.java:336)
	at org.gradle.internal.work.DefaultWorkerLeaseService.withoutLocks(DefaultWorkerLeaseService.java:319)
	at org.gradle.internal.work.DefaultWorkerLeaseService.withoutLock(DefaultWorkerLeaseService.java:324)
	at org.gradle.internal.work.DefaultAsyncWorkTracker.waitForItemsAndGatherFailures(DefaultAsyncWorkTracker.java:126)
	at org.gradle.internal.work.DefaultAsyncWorkTracker.waitForItemsAndGatherFailures(DefaultAsyncWorkTracker.java:92)
	at org.gradle.internal.work.DefaultAsyncWorkTracker.waitForAll(DefaultAsyncWorkTracker.java:78)
	at org.gradle.internal.work.DefaultAsyncWorkTracker.waitForCompletion(DefaultAsyncWorkTracker.java:66)
	at org.gradle.api.internal.tasks.execution.TaskExecution$3.run(TaskExecution.java:252)
	at org.gradle.internal.operations.DefaultBuildOperationRunner$1.execute(DefaultBuildOperationRunner.java:29)
	at org.gradle.internal.operations.DefaultBuildOperationRunner$1.execute(DefaultBuildOperationRunner.java:26)
	at org.gradle.internal.operations.DefaultBuildOperationRunner$2.execute(DefaultBuildOperationRunner.java:66)
	at org.gradle.internal.operations.DefaultBuildOperationRunner$2.execute(DefaultBuildOperationRunner.java:59)
	at org.gradle.internal.operations.DefaultBuildOperationRunner.execute(DefaultBuildOperationRunner.java:157)
	at org.gradle.internal.operations.DefaultBuildOperationRunner.execute(DefaultBuildOperationRunner.java:59)
	at org.gradle.internal.operations.DefaultBuildOperationRunner.run(DefaultBuildOperationRunner.java:47)
	at org.gradle.internal.operations.DefaultBuildOperationExecutor.run(DefaultBuildOperationExecutor.java:68)
	at org.gradle.api.internal.tasks.execution.TaskExecution.executeAction(TaskExecution.java:229)
	at org.gradle.api.internal.tasks.execution.TaskExecution.executeActions(TaskExecution.java:212)
	at org.gradle.api.internal.tasks.execution.TaskExecution.executeWithPreviousOutputFiles(TaskExecution.java:195)
	at org.gradle.api.internal.tasks.execution.TaskExecution.execute(TaskExecution.java:162)
	at org.gradle.internal.execution.steps.ExecuteStep.executeInternal(ExecuteStep.java:105)
	at org.gradle.internal.execution.steps.ExecuteStep.access$000(ExecuteStep.java:44)
	at org.gradle.internal.execution.steps.ExecuteStep$1.call(ExecuteStep.java:59)
	at org.gradle.internal.execution.steps.ExecuteStep$1.call(ExecuteStep.java:56)
	at org.gradle.internal.operations.DefaultBuildOperationRunner$CallableBuildOperationWorker.execute(DefaultBuildOperationRunner.java:200)
	at org.gradle.internal.operations.DefaultBuildOperationRunner$CallableBuildOperationWorker.execute(DefaultBuildOperationRunner.java:195)
	at org.gradle.internal.operations.DefaultBuildOperationRunner$2.execute(DefaultBuildOperationRunner.java:66)
	at org.gradle.internal.operations.DefaultBuildOperationRunner$2.execute(DefaultBuildOperationRunner.java:59)
	at org.gradle.internal.operations.DefaultBuildOperationRunner.execute(DefaultBuildOperationRunner.java:157)
	at org.gradle.internal.operations.DefaultBuildOperationRunner.execute(DefaultBuildOperationRunner.java:59)
	at org.gradle.internal.operations.DefaultBuildOperationRunner.call(DefaultBuildOperationRunner.java:53)
	at org.gradle.internal.operations.DefaultBuildOperationExecutor.call(DefaultBuildOperationExecutor.java:73)
	at org.gradle.internal.execution.steps.ExecuteStep.execute(ExecuteStep.java:56)
	at org.gradle.internal.execution.steps.ExecuteStep.execute(ExecuteStep.java:44)
	at org.gradle.internal.execution.steps.CancelExecutionStep.execute(CancelExecutionStep.java:41)
	at org.gradle.internal.execution.steps.TimeoutStep.executeWithoutTimeout(TimeoutStep.java:74)
	at org.gradle.internal.execution.steps.TimeoutStep.execute(TimeoutStep.java:55)
	at org.gradle.internal.execution.steps.PreCreateOutputParentsStep.execute(PreCreateOutputParentsStep.java:50)
	at org.gradle.internal.execution.steps.PreCreateOutputParentsStep.execute(PreCreateOutputParentsStep.java:28)
	at org.gradle.internal.execution.steps.RemovePreviousOutputsStep.execute(RemovePreviousOutputsStep.java:67)
	at org.gradle.internal.execution.steps.RemovePreviousOutputsStep.execute(RemovePreviousOutputsStep.java:37)
	at org.gradle.internal.execution.steps.BroadcastChangingOutputsStep.execute(BroadcastChangingOutputsStep.java:61)
	at org.gradle.internal.execution.steps.BroadcastChangingOutputsStep.execute(BroadcastChangingOutputsStep.java:26)
	at org.gradle.internal.execution.steps.CaptureOutputsAfterExecutionStep.execute(CaptureOutputsAfterExecutionStep.java:67)
	at org.gradle.internal.execution.steps.CaptureOutputsAfterExecutionStep.execute(CaptureOutputsAfterExecutionStep.java:45)
	at org.gradle.internal.execution.steps.ResolveInputChangesStep.execute(ResolveInputChangesStep.java:40)
	at org.gradle.internal.execution.steps.ResolveInputChangesStep.execute(ResolveInputChangesStep.java:29)
	at org.gradle.internal.execution.steps.BuildCacheStep.executeWithoutCache(BuildCacheStep.java:189)
	at org.gradle.internal.execution.steps.BuildCacheStep.lambda$execute$1(BuildCacheStep.java:75)
	at org.gradle.internal.Either$Right.fold(Either.java:175)
	at org.gradle.internal.execution.caching.CachingState.fold(CachingState.java:62)
	at org.gradle.internal.execution.steps.BuildCacheStep.execute(BuildCacheStep.java:73)
	at org.gradle.internal.execution.steps.BuildCacheStep.execute(BuildCacheStep.java:48)
	at org.gradle.internal.execution.steps.StoreExecutionStateStep.execute(StoreExecutionStateStep.java:46)
	at org.gradle.internal.execution.steps.StoreExecutionStateStep.execute(StoreExecutionStateStep.java:35)
	at org.gradle.internal.execution.steps.SkipUpToDateStep.executeBecause(SkipUpToDateStep.java:76)
	at org.gradle.internal.execution.steps.SkipUpToDateStep.lambda$execute$2(SkipUpToDateStep.java:54)
	at org.gradle.internal.execution.steps.SkipUpToDateStep.execute(SkipUpToDateStep.java:54)
	at org.gradle.internal.execution.steps.SkipUpToDateStep.execute(SkipUpToDateStep.java:36)
	at org.gradle.internal.execution.steps.legacy.MarkSnapshottingInputsFinishedStep.execute(MarkSnapshottingInputsFinishedStep.java:37)
	at org.gradle.internal.execution.steps.legacy.MarkSnapshottingInputsFinishedStep.execute(MarkSnapshottingInputsFinishedStep.java:27)
	at org.gradle.internal.execution.steps.ResolveIncrementalCachingStateStep.executeDelegate(ResolveIncrementalCachingStateStep.java:49)
	at org.gradle.internal.execution.steps.ResolveIncrementalCachingStateStep.executeDelegate(ResolveIncrementalCachingStateStep.java:27)
	at org.gradle.internal.execution.steps.AbstractResolveCachingStateStep.execute(AbstractResolveCachingStateStep.java:71)
	at org.gradle.internal.execution.steps.AbstractResolveCachingStateStep.execute(AbstractResolveCachingStateStep.java:39)
	at org.gradle.internal.execution.steps.ResolveChangesStep.execute(ResolveChangesStep.java:65)
	at org.gradle.internal.execution.steps.ResolveChangesStep.execute(ResolveChangesStep.java:36)
	at org.gradle.internal.execution.steps.ValidateStep.execute(ValidateStep.java:106)
	at org.gradle.internal.execution.steps.ValidateStep.execute(ValidateStep.java:55)
	at org.gradle.internal.execution.steps.AbstractCaptureStateBeforeExecutionStep.execute(AbstractCaptureStateBeforeExecutionStep.java:64)
	at org.gradle.internal.execution.steps.AbstractCaptureStateBeforeExecutionStep.execute(AbstractCaptureStateBeforeExecutionStep.java:43)
	at org.gradle.internal.execution.steps.AbstractSkipEmptyWorkStep.executeWithNonEmptySources(AbstractSkipEmptyWorkStep.java:125)
	at org.gradle.internal.execution.steps.AbstractSkipEmptyWorkStep.execute(AbstractSkipEmptyWorkStep.java:56)
	at org.gradle.internal.execution.steps.AbstractSkipEmptyWorkStep.execute(AbstractSkipEmptyWorkStep.java:36)
	at org.gradle.internal.execution.steps.legacy.MarkSnapshottingInputsStartedStep.execute(MarkSnapshottingInputsStartedStep.java:38)
	at org.gradle.internal.execution.steps.LoadPreviousExecutionStateStep.execute(LoadPreviousExecutionStateStep.java:36)
	at org.gradle.internal.execution.steps.LoadPreviousExecutionStateStep.execute(LoadPreviousExecutionStateStep.java:23)
	at org.gradle.internal.execution.steps.HandleStaleOutputsStep.execute(HandleStaleOutputsStep.java:75)
	at org.gradle.internal.execution.steps.HandleStaleOutputsStep.execute(HandleStaleOutputsStep.java:41)
	at org.gradle.internal.execution.steps.AssignMutableWorkspaceStep.lambda$execute$0(AssignMutableWorkspaceStep.java:35)
	at org.gradle.api.internal.tasks.execution.TaskExecution$4.withWorkspace(TaskExecution.java:289)
	at org.gradle.internal.execution.steps.AssignMutableWorkspaceStep.execute(AssignMutableWorkspaceStep.java:31)
	at org.gradle.internal.execution.steps.AssignMutableWorkspaceStep.execute(AssignMutableWorkspaceStep.java:22)
	at org.gradle.internal.execution.steps.ChoosePipelineStep.execute(ChoosePipelineStep.java:40)
	at org.gradle.internal.execution.steps.ChoosePipelineStep.execute(ChoosePipelineStep.java:23)
	at org.gradle.internal.execution.steps.ExecuteWorkBuildOperationFiringStep.lambda$execute$2(ExecuteWorkBuildOperationFiringStep.java:67)
	at org.gradle.internal.execution.steps.ExecuteWorkBuildOperationFiringStep.execute(ExecuteWorkBuildOperationFiringStep.java:67)
	at org.gradle.internal.execution.steps.ExecuteWorkBuildOperationFiringStep.execute(ExecuteWorkBuildOperationFiringStep.java:39)
	at org.gradle.internal.execution.steps.IdentityCacheStep.execute(IdentityCacheStep.java:46)
	at org.gradle.internal.execution.steps.IdentityCacheStep.execute(IdentityCacheStep.java:34)
	at org.gradle.internal.execution.steps.IdentifyStep.execute(IdentifyStep.java:48)
	at org.gradle.internal.execution.steps.IdentifyStep.execute(IdentifyStep.java:35)
	at org.gradle.internal.execution.impl.DefaultExecutionEngine$1.execute(DefaultExecutionEngine.java:61)
	at org.gradle.api.internal.tasks.execution.ExecuteActionsTaskExecuter.executeIfValid(ExecuteActionsTaskExecuter.java:127)
	at org.gradle.api.internal.tasks.execution.ExecuteActionsTaskExecuter.execute(ExecuteActionsTaskExecuter.java:116)
	at org.gradle.api.internal.tasks.execution.FinalizePropertiesTaskExecuter.execute(FinalizePropertiesTaskExecuter.java:46)
	at org.gradle.api.internal.tasks.execution.ResolveTaskExecutionModeExecuter.execute(ResolveTaskExecutionModeExecuter.java:51)
	at org.gradle.api.internal.tasks.execution.SkipTaskWithNoActionsExecuter.execute(SkipTaskWithNoActionsExecuter.java:57)
	at org.gradle.api.internal.tasks.execution.SkipOnlyIfTaskExecuter.execute(SkipOnlyIfTaskExecuter.java:74)
	at org.gradle.api.internal.tasks.execution.CatchExceptionTaskExecuter.execute(CatchExceptionTaskExecuter.java:36)
	at org.gradle.api.internal.tasks.execution.EventFiringTaskExecuter$1.executeTask(EventFiringTaskExecuter.java:77)
	at org.gradle.api.internal.tasks.execution.EventFiringTaskExecuter$1.call(EventFiringTaskExecuter.java:55)
	at org.gradle.api.internal.tasks.execution.EventFiringTaskExecuter$1.call(EventFiringTaskExecuter.java:52)
	at org.gradle.internal.operations.DefaultBuildOperationRunner$CallableBuildOperationWorker.execute(DefaultBuildOperationRunner.java:200)
	at org.gradle.internal.operations.DefaultBuildOperationRunner$CallableBuildOperationWorker.execute(DefaultBuildOperationRunner.java:195)
	at org.gradle.internal.operations.DefaultBuildOperationRunner$2.execute(DefaultBuildOperationRunner.java:66)
	at org.gradle.internal.operations.DefaultBuildOperationRunner$2.execute(DefaultBuildOperationRunner.java:59)
	at org.gradle.internal.operations.DefaultBuildOperationRunner.execute(DefaultBuildOperationRunner.java:157)
	at org.gradle.internal.operations.DefaultBuildOperationRunner.execute(DefaultBuildOperationRunner.java:59)
	at org.gradle.internal.operations.DefaultBuildOperationRunner.call(DefaultBuildOperationRunner.java:53)
	at org.gradle.internal.operations.DefaultBuildOperationExecutor.call(DefaultBuildOperationExecutor.java:73)</historyEntry>
        <historyEntry timestamp="1738748053883">Duplicate class android.support.v4.app.INotificationSideChannel found in modules core-1.15.0.aar -&gt; core-1.15.0-runtime (androidx.core:core:1.15.0) and support-v4-23.1.1.aar -&gt; support-v4-23.1.1-runtime (com.android.support:support-v4:23.1.1)
Duplicate class android.support.v4.app.INotificationSideChannel$Stub found in modules core-1.15.0.aar -&gt; core-1.15.0-runtime (androidx.core:core:1.15.0) and support-v4-23.1.1.aar -&gt; support-v4-23.1.1-runtime (com.android.support:support-v4:23.1.1)
Duplicate class android.support.v4.app.INotificationSideChannel$Stub$Proxy found in modules core-1.15.0.aar -&gt; core-1.15.0-runtime (androidx.core:core:1.15.0) and support-v4-23.1.1.aar -&gt; support-v4-23.1.1-runtime (com.android.support:support-v4:23.1.1)
Duplicate class android.support.v4.os.IResultReceiver found in modules core-1.15.0.aar -&gt; core-1.15.0-runtime (androidx.core:core:1.15.0) and support-v4-23.1.1.aar -&gt; support-v4-23.1.1-runtime (com.android.support:support-v4:23.1.1)
Duplicate class android.support.v4.os.IResultReceiver$Stub found in modules core-1.15.0.aar -&gt; core-1.15.0-runtime (androidx.core:core:1.15.0) and support-v4-23.1.1.aar -&gt; support-v4-23.1.1-runtime (com.android.support:support-v4:23.1.1)
Duplicate class android.support.v4.os.IResultReceiver$Stub$Proxy found in modules core-1.15.0.aar -&gt; core-1.15.0-runtime (androidx.core:core:1.15.0) and support-v4-23.1.1.aar -&gt; support-v4-23.1.1-runtime (com.android.support:support-v4:23.1.1)
Duplicate class android.support.v4.os.ResultReceiver found in modules core-1.15.0.aar -&gt; core-1.15.0-runtime (androidx.core:core:1.15.0) and support-v4-23.1.1.aar -&gt; support-v4-23.1.1-runtime (com.android.support:support-v4:23.1.1)
Duplicate class android.support.v4.os.ResultReceiver$1 found in modules core-1.15.0.aar -&gt; core-1.15.0-runtime (androidx.core:core:1.15.0) and support-v4-23.1.1.aar -&gt; support-v4-23.1.1-runtime (com.android.support:support-v4:23.1.1)
Duplicate class android.support.v4.os.ResultReceiver$MyResultReceiver found in modules core-1.15.0.aar -&gt; core-1.15.0-runtime (androidx.core:core:1.15.0) and support-v4-23.1.1.aar -&gt; support-v4-23.1.1-runtime (com.android.support:support-v4:23.1.1)
Duplicate class android.support.v4.os.ResultReceiver$MyRunnable found in modules core-1.15.0.aar -&gt; core-1.15.0-runtime (androidx.core:core:1.15.0) and support-v4-23.1.1.aar -&gt; support-v4-23.1.1-runtime (com.android.support:support-v4:23.1.1)

Go to the documentation to learn how to Fix dependency resolution errors.</historyEntry>
      </list>
    </option>
  </component>
</application>