<application>
  <component name="UpdatesConfigurable">
    <ignoredBuildNumbers>
      <item value="emulator#30.9.5" />
      <item value="system-images;android-30;google_apis;x86_64#11" />
      <item value="emulator#31.1.4" />
    </ignoredBuildNumbers>
    <option name="LAST_BUILD_CHECKED" value="AI-241.19072.14.2412.12360217" />
    <option name="LAST_TIME_CHECKED" value="1738739313097" />
    <option name="OBSOLETE_CUSTOM_REPOSITORIES_CLEAN_NEEDED" value="false" />
    <option name="THIRD_PARTY_PLUGINS_ALLOWED" value="true" />
  </component>
</application>