<keymap version="1" name="XWin copy" parent="Default for XWin">
  <action id="ActivateLogcatToolWindow">
    <keyboard-shortcut first-keystroke="shift ctrl alt z" />
  </action>
  <action id="Dart.NewDartFile">
    <keyboard-shortcut first-keystroke="shift ctrl alt period" />
  </action>
  <action id="UpdateRunningApplication" />
  <action id="android.deploy.ApplyChanges">
    <keyboard-shortcut first-keystroke="ctrl f10" />
  </action>
  <action id="android.deploy.CodeSwap">
    <keyboard-shortcut first-keystroke="ctrl alt f10" />
  </action>
  <action id="template.create.ActivityEmpty Activity">
    <keyboard-shortcut first-keystroke="shift ctrl alt e" />
  </action>
  <action id="template.create.FragmentFragment (Blank)">
    <keyboard-shortcut first-keystroke="shift ctrl alt f" />
  </action>
</keymap>